"opportunities_executed","chain","max_gas_budget","opportunities_detected","max_trade_size","min_profit_threshold","last_scan","slippage_tolerance","strategy","opportunities_skipped","enabled","id","created_date","updated_date","created_by_id","is_sample"
"1","bitcoin","0.01","4","10000","0.5","2026-08-15T02:14:05.131Z","1","cross_chain_latency","3","false","6a7fc9c2d3582253b167bdc6","2026-08-15T02:06:58.801000","2026-08-15T02:14:05.267000","6a51148d1d12cb92ecfeadc5","false"
"25","bnb","0.01","32","10000","0.5","2026-08-16T00:01:11.403Z","1","cross_chain_latency","7","false","6a7fc9c2d03ab34b7457982c","2026-08-15T02:06:58.651000","2026-08-16T00:01:11.502000","6a51148d1d12cb92ecfeadc5","false"
"20","solana","0.01","29","10000","0.5","2026-08-16T00:01:16.835Z","1","cross_chain_latency","9","true","6a7fc9c2454e608cd95c8599","2026-08-15T02:06:58.335000","2026-08-18T04:22:45.290000","6a51148d1d12cb92ecfeadc5","false"
"25","bnb","0.01","32","10000","0.5","2026-08-16T00:01:11.518Z","1","liquidity_fragmentation","7","true","6a7fc9c20d091c03e38ee214","2026-08-15T02:06:58.001000","2026-08-16T00:01:11.694000","6a51148d1d12cb92ecfeadc5","false"
"20","solana","0.01","29","10000","0.5","2026-08-16T00:01:16.984Z","1","liquidity_fragmentation","9","true","6a7fc9c1f412f6ba15288e0e","2026-08-15T02:06:57.806000","2026-08-16T21:06:58.810000","6a51148d1d12cb92ecfeadc5","false"
"20","solana","0.01","29","10000","0.5","2026-08-16T00:01:17.082Z","1","mempool_sandwich","9","true","6a7fc9c1cd314f1ec190b947","2026-08-15T02:06:57.559000","2026-08-16T21:06:53.796000","6a51148d1d12cb92ecfeadc5","false"
"25","bnb","0.01","32","10000","0.5","2026-08-16T00:01:11.723Z","1","mempool_sandwich","7","true","6a7fc9c1fa6caa2a2a6a7f5f","2026-08-15T02:06:57.405000","2026-08-16T00:01:11.840000","6a51148d1d12cb92ecfeadc5","false"
"20","solana","0.01","29","10000","0.5","2026-08-16T00:01:17.509Z","1","flash_swap","9","true","6a7fc9c165935f1928520c26","2026-08-15T02:06:57.241000","2026-08-16T21:06:44.993000","6a51148d1d12cb92ecfeadc5","false"
"25","bnb","0.01","32","10000","0.5","2026-08-16T00:01:11.850Z","1","flash_swap","7","true","6a7fc9c13efb62c73fcd8877","2026-08-15T02:06:57.094000","2026-08-16T00:01:11.927000","6a51148d1d12cb92ecfeadc5","false"
"20","solana","0.01","29","10000","0.5","2026-08-16T00:01:17.586Z","1","flash_loan","9","true","6a7fc9c047f60a1db173229d","2026-08-15T02:06:56.949000","2026-08-16T21:06:46.756000","6a51148d1d12cb92ecfeadc5","false"
"24","bnb","0.01","31","10000","0.5","2026-08-16T00:01:11.938Z","1","flash_loan","7","true","6a7fc9c06e103333e304140b","2026-08-15T02:06:56.675000","2026-08-16T00:01:12.137000","6a51148d1d12cb92ecfeadc5","false"
"1","bitcoin","0.01","7","10000","0.5","2026-08-15T02:14:05.266Z","1","cross_chain_latency","6","true","6a7fc57e358518e59cccf6f8","2026-08-15T01:48:46.965000","2026-08-15T02:14:05.357000","6a51148d1d12cb92ecfeadc5","false"
"24","bnb","0.01","35","10000","0.5","2026-08-16T00:01:12.158Z","1","cross_chain_latency","11","true","6a7fc57e69d3418e4d163ab6","2026-08-15T01:48:46.630000","2026-08-16T00:01:12.244000","6a51148d1d12cb92ecfeadc5","false"
"20","solana","0.01","34","10000","0.5","2026-08-16T00:01:17.684Z","1","cross_chain_latency","14","true","6a7fc57e3efb62c73fccb08b","2026-08-15T01:48:46.451000","2026-08-16T21:06:55.659000","6a51148d1d12cb92ecfeadc5","false"
"24","bnb","0.01","35","10000","0.5","2026-08-16T00:01:12.260Z","1","liquidity_fragmentation","11","true","6a7fc57e9f644415a4bde7c3","2026-08-15T01:48:46.221000","2026-08-16T00:01:12.344000","6a51148d1d12cb92ecfeadc5","false"
"20","solana","0.01","34","10000","0.5","2026-08-16T00:01:17.757Z","1","liquidity_fragmentation","14","true","6a7fc57ef8e04bd036643fa6","2026-08-15T01:48:46.029000","2026-08-16T21:06:48.319000","6a51148d1d12cb92ecfeadc5","false"
"20","solana","0.01","34","10000","0.5","2026-08-16T00:01:18.245Z","1","mempool_sandwich","14","true","6a7fc57dc990ad86110aedb1","2026-08-15T01:48:45.843000","2026-08-16T21:06:50.142000","6a51148d1d12cb92ecfeadc5","false"
"24","bnb","0.01","35","10000","0.5","2026-08-16T00:01:12.348Z","1","mempool_sandwich","11","true","6a7fc57d8a4956ca1900e78b","2026-08-15T01:48:45.515000","2026-08-16T00:01:12.417000","6a51148d1d12cb92ecfeadc5","false"
"20","solana","0.01","34","10000","0.5","2026-08-16T00:01:18.329Z","1","flash_swap","14","true","6a7fc57dfd147286107741a8","2026-08-15T01:48:45.292000","2026-08-16T21:06:37.578000","6a51148d1d12cb92ecfeadc5","false"
"23","bnb","0.01","34","10000","0.5","2026-08-16T00:01:12.422Z","1","flash_swap","11","true","6a7fc57c9d5d1ad77ee3ec84","2026-08-15T01:48:44.949000","2026-08-16T00:01:12.515000","6a51148d1d12cb92ecfeadc5","false"
"20","solana","0.01","34","10000","0.5","2026-08-16T00:01:18.430Z","1","flash_loan","14","true","6a7fc57cb854e15eaa4de0f1","2026-08-15T01:48:44.501000","2026-08-16T21:06:34.940000","6a51148d1d12cb92ecfeadc5","false"
"23","bnb","0.01","34","10000","0.5","2026-08-16T00:01:12.526Z","1","flash_loan","11","true","6a7fc57cc09da09214fdd200","2026-08-15T01:48:44.208000","2026-08-16T00:01:12.605000","6a51148d1d12cb92ecfeadc5","false"
"1","bitcoin","0.01","7","10000","0.5","2026-08-15T02:14:05.360Z","1","cross_chain_latency","6","true","6a78a2ee361b724a0abd5612","2026-08-09T15:55:26.852000","2026-08-15T02:14:05.481000","6a51148d1d12cb92ecfeadc5","false"
"22","bnb","0.01","33","10000","0.5","2026-08-16T00:01:12.609Z","1","cross_chain_latency","11","true","6a78a2ee51d796c8996e6327","2026-08-09T15:55:26.694000","2026-08-16T21:40:53.097000","6a51148d1d12cb92ecfeadc5","false"
"20","solana","0.01","34","10000","0.5","2026-08-16T00:01:18.543Z","1","cross_chain_latency","14","true","6a78a2ee278a806a58a5cd2f","2026-08-09T15:55:26.477000","2026-08-16T21:06:31.494000","6a51148d1d12cb92ecfeadc5","false"
"22","bnb","0.01","33","10000","0.5","2026-08-16T00:01:12.691Z","1","liquidity_fragmentation","11","true","6a78a2ee9b0af16cc926b530","2026-08-09T15:55:26.316000","2026-08-16T21:40:54.827000","6a51148d1d12cb92ecfeadc5","false"
"19","solana","0.01","33","10000","0.5","2026-08-16T00:01:18.706Z","1","liquidity_fragmentation","14","true","6a78a2eeda07a26016b5b401","2026-08-09T15:55:26.121000","2026-08-16T21:06:02.325000","6a51148d1d12cb92ecfeadc5","false"
"19","solana","0.01","33","10000","0.5","2026-08-16T00:01:18.796Z","1","mempool_sandwich","14","true","6a78a2ed5fa3910e18415530","2026-08-09T15:55:25.913000","2026-08-16T21:06:04.432000","6a51148d1d12cb92ecfeadc5","false"
"22","bnb","0.01","33","10000","0.5","2026-08-16T00:01:12.843Z","1","mempool_sandwich","11","true","6a78a2ed99aa468895fe7d2c","2026-08-09T15:55:25.655000","2026-08-16T21:41:02.897000","6a51148d1d12cb92ecfeadc5","false"
"19","solana","0.01","33","10000","0.5","2026-08-16T00:01:18.880Z","1","flash_swap","14","true","6a78a2edd138aa861f51da79","2026-08-09T15:55:25.313000","2026-08-16T21:05:55.451000","6a51148d1d12cb92ecfeadc5","false"
"22","bnb","0.01","33","10000","0.5","2026-08-16T00:01:12.923Z","1","flash_swap","11","true","6a78a2ed65cb94505b1daba3","2026-08-09T15:55:25.159000","2026-08-16T21:40:56.629000","6a51148d1d12cb92ecfeadc5","false"
"19","solana","0.01","33","10000","0.5","2026-08-16T00:01:18.955Z","1","flash_loan","14","true","6a78a2ecd33a504c38a515a2","2026-08-09T15:55:24.984000","2026-08-16T21:05:56.921000","6a51148d1d12cb92ecfeadc5","false"
"22","bnb","0.01","33","10000","0.5","2026-08-16T00:01:13.007Z","1","flash_loan","11","true","6a78a2ec7bf438da834cf0cb","2026-08-09T15:55:24.827000","2026-08-16T00:01:13.120000","6a51148d1d12cb92ecfeadc5","false"
"1","bitcoin","0.01","19","10000","0.5","2026-08-15T02:14:05.478Z","1","cross_chain_latency","18","false","6a512287d1fa0deb37f7d1ba","2026-07-10T16:49:11.409000","2026-08-15T02:14:05.562000","6a51148d1d12cb92ecfeadc5","false"
"22","bnb","0.01","51","10000","0.5","2026-08-16T00:01:13.120Z","1","cross_chain_latency","29","true","6a512287f2de84178eb1a167","2026-07-10T16:49:11.120000","2026-08-18T04:22:58.274000","6a51148d1d12cb92ecfeadc5","false"
"19","solana","0.01","51","10000","0.5","2026-08-16T00:01:19.068Z","1","cross_chain_latency","32","true","6a5122863e6d6d5ab7b02a52","2026-07-10T16:49:10.882000","2026-08-16T21:06:10.919000","6a51148d1d12cb92ecfeadc5","false"
"22","bnb","0.01","51","10000","0.5","2026-08-16T00:01:13.281Z","1","liquidity_fragmentation","29","true","6a512286bb5ea5abb1a262a9","2026-07-10T16:49:10.669000","2026-08-16T00:01:13.377000","6a51148d1d12cb92ecfeadc5","false"
"18","solana","0.01","50","10000","0.5","2026-08-16T00:01:19.164Z","1","liquidity_fragmentation","32","true","6a51228618766e43a8644826","2026-07-10T16:49:10.480000","2026-08-16T21:06:06.800000","6a51148d1d12cb92ecfeadc5","false"
"18","solana","0.01","50","10000","0.5","2026-08-16T00:01:19.246Z","1","mempool_sandwich","32","false","6a5122868fee73803d3dc2d6","2026-07-10T16:49:10.272000","2026-08-16T21:06:32.262000","6a51148d1d12cb92ecfeadc5","false"
"22","bnb","0.01","50","10000","0.5","2026-08-16T00:01:13.504Z","1","mempool_sandwich","28","true","6a512286849cd85531f0cf29","2026-07-10T16:49:10.051000","2026-08-16T00:01:13.588000","6a51148d1d12cb92ecfeadc5","false"
"17","solana","0.01","48","10000","0.5","2026-08-16T00:01:19.466Z","1","flash_swap","31","false","6a512285b187e3bba26ae225","2026-07-10T16:49:09.847000","2026-08-16T21:06:38.804000","6a51148d1d12cb92ecfeadc5","false"
"22","bnb","0.01","49","10000","0.5","2026-08-16T00:01:13.590Z","1","flash_swap","27","true","6a51228553df016ab2c64d3c","2026-07-10T16:49:09.663000","2026-08-16T00:01:13.693000","6a51148d1d12cb92ecfeadc5","false"
"17","solana","0.01","47","10000","0.5","2026-08-16T00:01:19.544Z","1","flash_loan","30","true","6a5122851988bcde541a9154","2026-07-10T16:49:09.478000","2026-08-16T21:06:40.505000","6a51148d1d12cb92ecfeadc5","false"
"22","bnb","0.01","49","10000","0.5","2026-08-16T00:01:13.713Z","1","flash_loan","27","true","6a5122854c3ccdcd6106ea11","2026-07-10T16:49:09.295000","2026-08-16T00:01:13.903000","6a51148d1d12cb92ecfeadc5","false"
"1","bitcoin","0.01","20","10000","0.5","2026-08-15T02:14:05.562Z","1","cross_chain_latency","19","false","6a511cf0bfdd18d40468405a","2026-07-10T16:25:20.949000","2026-08-15T02:14:05.648000","6a51148d1d12cb92ecfeadc5","false"
"22","bnb","0.01","53","10000","0.5","2026-08-16T00:01:13.912Z","1","cross_chain_latency","31","true","6a511cf024359e51a619dadd","2026-07-10T16:25:20.738000","2026-08-16T00:01:14.019000","6a51148d1d12cb92ecfeadc5","false"
"17","solana","0.01","51","10000","0.5","2026-08-16T00:01:19.629Z","1","cross_chain_latency","34","true","6a511cf0852f0c718c45d406","2026-07-10T16:25:20.530000","2026-08-16T00:01:19.799000","6a51148d1d12cb92ecfeadc5","false"
"22","bnb","0.01","53","10000","0.5","2026-08-16T00:01:14.032Z","1","liquidity_fragmentation","31","true","6a511cf0a7de805f38374a4c","2026-07-10T16:25:20.351000","2026-08-16T00:01:14.192000","6a51148d1d12cb92ecfeadc5","false"
"17","solana","0.01","51","10000","0.5","2026-08-16T00:01:19.810Z","1","liquidity_fragmentation","34","true","6a511cf061a256d14035040b","2026-07-10T16:25:20.026000","2026-08-16T00:01:19.916000","6a51148d1d12cb92ecfeadc5","false"
"17","solana","0.01","51","10000","0.5","2026-08-16T00:01:20.010Z","1","mempool_sandwich","34","true","6a511cefa885c48be7496e82","2026-07-10T16:25:19.671000","2026-08-16T00:01:20.083000","6a51148d1d12cb92ecfeadc5","false"
"22","bnb","0.01","53","10000","0.5","2026-08-16T00:01:14.196Z","1","mempool_sandwich","31","true","6a511cefd1fd5c7631b433ce","2026-07-10T16:25:19.493000","2026-08-16T00:01:14.278000","6a51148d1d12cb92ecfeadc5","false"
"17","solana","0.01","51","10000","0.5","2026-08-16T00:01:20.098Z","1","flash_swap","34","true","6a511cef756392e0be37646f","2026-07-10T16:25:19.291000","2026-08-16T00:01:20.222000","6a51148d1d12cb92ecfeadc5","false"
"22","bnb","0.01","53","10000","0.5","2026-08-16T00:01:14.284Z","1","flash_swap","31","true","6a511cef97b6c7d96c578d66","2026-07-10T16:25:19.020000","2026-08-16T00:01:14.383000","6a51148d1d12cb92ecfeadc5","false"
"17","solana","0.01","51","10000","0.5","2026-08-16T00:01:20.230Z","1","flash_loan","34","true","6a511cee98ab7a4693aa21cb","2026-07-10T16:25:18.770000","2026-08-16T00:01:20.309000","6a51148d1d12cb92ecfeadc5","false"
"22","bnb","0.01","53","10000","0.5","2026-08-16T00:01:14.421Z","1","flash_loan","31","true","6a511cee84d84b45c896b60f","2026-07-10T16:25:18.543000","2026-08-16T00:01:14.560000","6a51148d1d12cb92ecfeadc5","false"
"1","bitcoin","0.01","20","10000","0.5","2026-08-15T02:14:05.643Z","1","cross_chain_latency","19","true","6a5119de440206a8037a3be7","2026-07-10T16:12:14.378000","2026-08-15T02:14:05.727000","6a51148d1d12cb92ecfeadc5","false"
"22","bnb","0.01","53","10000","0.5","2026-08-16T00:01:14.570Z","1","cross_chain_latency","31","true","6a5119decb453cb821a65578","2026-07-10T16:12:14.190000","2026-08-16T00:01:14.867000","6a51148d1d12cb92ecfeadc5","false"
"17","solana","0.01","53","10000","0.5","2026-08-16T00:01:20.314Z","1","cross_chain_latency","36","true","6a5119de66774c7c68ed52be","2026-07-10T16:12:14.031000","2026-08-16T00:01:20.511000","6a51148d1d12cb92ecfeadc5","false"
"22","bnb","0.01","53","10000","0.5","2026-08-16T00:01:14.998Z","1","liquidity_fragmentation","31","true","6a5119dd235207daf43fb55c","2026-07-10T16:12:13.856000","2026-08-16T00:01:15.216000","6a51148d1d12cb92ecfeadc5","false"
"17","solana","0.01","53","10000","0.5","2026-08-16T00:01:20.616Z","1","liquidity_fragmentation","36","true","6a5119dd1bbc7e0f6f7ffe3d","2026-07-10T16:12:13.624000","2026-08-16T00:01:20.696000","6a51148d1d12cb92ecfeadc5","false"
"17","solana","0.01","52","10000","0.5","2026-08-16T00:01:20.713Z","1","mempool_sandwich","35","true","6a5119ddacddb5e6423565e1","2026-07-10T16:12:13.375000","2026-08-16T00:01:20.832000","6a51148d1d12cb92ecfeadc5","false"
"22","bnb","0.01","53","10000","0.5","2026-08-16T00:01:15.227Z","1","mempool_sandwich","31","true","6a5119ddc36537ee241b4ded","2026-07-10T16:12:13.062000","2026-08-16T00:01:15.300000","6a51148d1d12cb92ecfeadc5","false"
"17","solana","0.01","52","10000","0.5","2026-08-16T00:01:20.836Z","1","flash_swap","35","true","6a5119dcc1ad84a62134f1d3","2026-07-10T16:12:12.811000","2026-08-16T00:01:20.913000","6a51148d1d12cb92ecfeadc5","false"
"22","bnb","0.01","53","10000","0.5","2026-08-16T00:01:15.305Z","1","flash_swap","31","true","6a5119dcb2e54af6fc07395c","2026-07-10T16:12:12.592000","2026-08-16T00:01:15.410000","6a51148d1d12cb92ecfeadc5","false"
"17","solana","0.01","52","10000","0.5","2026-08-16T00:01:20.919Z","1","flash_loan","35","true","6a5119dcdfec2fa565c3eda6","2026-07-10T16:12:12.411000","2026-08-16T00:01:21.056000","6a51148d1d12cb92ecfeadc5","false"
"22","bnb","0.01","53","10000","0.5","2026-08-16T00:01:15.473Z","1","flash_loan","31","true","6a5119dc0d68595638695b49","2026-07-10T16:12:12.235000","2026-08-16T00:01:15.550000","6a51148d1d12cb92ecfeadc5","false"